lat,lon,price,currency,area_m2,yr,city,country,iso,source,property_type
48.884255,2.298612,140000.0,EUR,18.0,2023,Paris 17e Arrondissement,France,FR,france_dvf,
48.880564,2.345859,400000.0,EUR,43.0,2023,Paris 9e Arrondissement,France,FR,france_dvf,
48.893075,2.318419,295000.0,EUR,28.0,2023,Paris 17e Arrondissement,France,FR,france_dvf,
48.891187,2.349162,300400.0,EUR,36.0,2023,Paris 18e Arrondissement,France,FR,france_dvf,
48.894577,2.362369,213000.0,EUR,27.0,2023,Paris 18e Arrondissement,France,FR,france_dvf,
48.87457,2.396493,600000.0,EUR,85.0,2023,Paris 20e Arrondissement,France,FR,france_dvf,
48.888709,2.322435,360000.0,EUR,36.0,2023,Paris 17e Arrondissement,France,FR,france_dvf,
48.89248,2.339433,351400.0,EUR,30.0,2023,Paris 18e Arrondissement,France,FR,france_dvf,
48.893014,2.350789,158000.0,EUR,18.0,2023,Paris 18e Arrondissement,France,FR,france_dvf,
48.893404,2.32794,396800.0,EUR,33.0,2023,Paris 18e Arrondissement,France,FR,france_dvf,
48.871829,2.303785,311900.0,EUR,30.0,2023,Paris 8e Arrondissement,France,FR,france_dvf,
48.863589,2.402664,260000.0,EUR,29.0,2023,Paris 20e Arrondissement,France,FR,france_dvf,
48.876173,2.295496,284710.0,EUR,20.0,2023,Paris 17e Arrondissement,France,FR,france_dvf,
48.862232,2.402175,338000.0,EUR,34.0,2023,Paris 20e Arrondissement,France,FR,france_dvf,
48.87336,2.390441,600000.0,EUR,60.0,2023,Paris 20e Arrondissement,France,FR,france_dvf,
48.894398,2.331722,730000.0,EUR,79.0,2023,Paris 18e Arrondissement,France,FR,france_dvf,
48.876937,2.316495,285000.0,EUR,19.0,2023,Paris 8e Arrondissement,France,FR,france_dvf,
48.869554,2.367918,916000.0,EUR,77.0,2023,Paris 10e Arrondissement,France,FR,france_dvf,
48.865921,2.395193,240000.0,EUR,16.0,2023,Paris 20e Arrondissement,France,FR,france_dvf,
48.892352,2.318768,378000.0,EUR,35.0,2023,Paris 17e Arrondissement,France,FR,france_dvf,
48.885412,2.316759,250000.0,EUR,23.0,2023,Paris 17e Arrondissement,France,FR,france_dvf,
48.883759,2.342325,396000.0,EUR,26.0,2023,Paris 18e Arrondissement,France,FR,france_dvf,
48.893177,2.323507,175000.0,EUR,21.0,2023,Paris 17e Arrondissement,France,FR,france_dvf,
48.885663,2.324547,1121500.0,EUR,110.0,2023,Paris 17e Arrondissement,France,FR,france_dvf,
48.883046,2.340104,1163879.0,EUR,81.0,2023,Paris 18e Arrondissement,France,FR,france_dvf,
48.868666,2.38625,302000.0,EUR,30.0,2023,Paris 20e Arrondissement,France,FR,france_dvf,
48.869483,2.395486,571000.0,EUR,54.0,2023,Paris 20e Arrondissement,France,FR,france_dvf,
48.851529,2.400478,472350.0,EUR,52.0,2023,Paris 20e Arrondissement,France,FR,france_dvf,
48.874271,2.352627,120000.0,EUR,85.0,2023,Paris 10e Arrondissement,France,FR,france_dvf,
48.876296,2.392639,495000.0,EUR,63.0,2023,Paris 19e Arrondissement,France,FR,france_dvf,
48.882605,2.34138,405000.0,EUR,31.0,2023,Paris 18e Arrondissement,France,FR,france_dvf,
48.876572,2.387123,186000.0,EUR,18.0,2023,Paris 19e Arrondissement,France,FR,france_dvf,
48.88443,2.377781,209100.0,EUR,25.0,2023,Paris 19e Arrondissement,France,FR,france_dvf,
48.893079,2.323396,253000.0,EUR,31.0,2023,Paris 17e Arrondissement,France,FR,france_dvf,
48.854807,2.401679,374150.0,EUR,34.0,2023,Paris 20e Arrondissement,France,FR,france_dvf,
48.89248,2.339433,264745.0,EUR,40.0,2023,Paris 18e Arrondissement,France,FR,france_dvf,
48.873133,2.357403,100000.0,EUR,9.0,2023,Paris 10e Arrondissement,France,FR,france_dvf,
48.862101,2.355277,268000.0,EUR,23.0,2023,Paris 3e Arrondissement,France,FR,france_dvf,
48.882946,2.32177,316770.0,EUR,35.0,2023,Paris 17e Arrondissement,France,FR,france_dvf,
48.888112,2.355989,94000.0,EUR,15.0,2023,Paris 18e Arrondissement,France,FR,france_dvf,
48.871766,2.378925,199000.0,EUR,18.0,2023,Paris 20e Arrondissement,France,FR,france_dvf,
48.873893,2.359603,1162000.0,EUR,106.0,2023,Paris 10e Arrondissement,France,FR,france_dvf,
48.869582,2.407757,395000.0,EUR,43.0,2023,Paris 20e Arrondissement,France,FR,france_dvf,
48.890943,2.38301,260000.0,EUR,31.0,2023,Paris 19e Arrondissement,France,FR,france_dvf,
48.873186,2.402724,500000.0,EUR,74.0,2023,Paris 20e Arrondissement,France,FR,france_dvf,
48.885134,2.38355,272000.0,EUR,24.0,2023,Paris 19e Arrondissement,France,FR,france_dvf,
48.882654,2.333069,380000.0,EUR,30.0,2023,Paris 9e Arrondissement,France,FR,france_dvf,
48.891062,2.333778,1089450.0,EUR,92.0,2023,Paris 18e Arrondissement,France,FR,france_dvf,
48.880336,2.329696,877400.0,EUR,69.0,2023,Paris 9e Arrondissement,France,FR,france_dvf,
48.873862,2.342982,693000.0,EUR,64.0,2023,Paris 9e Arrondissement,France,FR,france_dvf,
48.871505,2.363876,469000.0,EUR,48.0,2023,Paris 10e Arrondissement,France,FR,france_dvf,
48.865342,2.349927,890500.0,EUR,63.0,2023,Paris 2e Arrondissement,France,FR,france_dvf,
48.865463,2.340729,810000.0,EUR,30.0,2023,Paris 1er Arrondissement,France,FR,france_dvf,
48.872297,2.402683,221510.0,EUR,25.0,2023,Paris 20e Arrondissement,France,FR,france_dvf,
48.883318,2.389397,518000.0,EUR,76.0,2023,Paris 19e Arrondissement,France,FR,france_dvf,
48.874015,2.360792,431500.0,EUR,39.0,2023,Paris 10e Arrondissement,France,FR,france_dvf,
48.878264,2.338472,1905100.0,EUR,156.0,2023,Paris 9e Arrondissement,France,FR,france_dvf,
48.879325,2.330222,914400.0,EUR,76.0,2023,Paris 9e Arrondissement,France,FR,france_dvf,
48.88787,2.39188,350200.0,EUR,40.0,2023,Paris 19e Arrondissement,France,FR,france_dvf,
48.882581,2.39278,191250.0,EUR,21.0,2023,Paris 19e Arrondissement,France,FR,france_dvf,
48.878798,2.345601,707300.0,EUR,54.0,2023,Paris 9e Arrondissement,France,FR,france_dvf,
48.882462,2.360916,625500.0,EUR,54.0,2023,Paris 10e Arrondissement,France,FR,france_dvf,
48.895927,2.339901,324000.0,EUR,36.0,2023,Paris 18e Arrondissement,France,FR,france_dvf,
48.889935,2.35425,650000.0,EUR,81.0,2023,Paris 18e Arrondissement,France,FR,france_dvf,
48.892065,2.348054,3000.0,EUR,60.0,2023,Paris 18e Arrondissement,France,FR,france_dvf,
48.882553,2.313307,740000.0,EUR,68.0,2023,Paris 17e Arrondissement,France,FR,france_dvf,
48.895608,2.340249,112000.0,EUR,19.0,2023,Paris 18e Arrondissement,France,FR,france_dvf,
48.881102,2.389225,430000.0,EUR,18.0,2023,Paris 19e Arrondissement,France,FR,france_dvf,
48.875256,2.381849,170000.0,EUR,20.0,2023,Paris 19e Arrondissement,France,FR,france_dvf,
48.878782,2.365172,407000.0,EUR,34.0,2023,Paris 10e Arrondissement,France,FR,france_dvf,
48.863531,2.39854,262500.0,EUR,28.0,2023,Paris 20e Arrondissement,France,FR,france_dvf,
48.873186,2.402724,480000.0,EUR,65.0,2023,Paris 20e Arrondissement,France,FR,france_dvf,
48.853129,2.40988,118000.0,EUR,16.0,2023,Paris 20e Arrondissement,France,FR,france_dvf,
48.888613,2.376709,275000.0,EUR,42.0,2023,Paris 19e Arrondissement,France,FR,france_dvf,
48.883749,2.372571,320000.0,EUR,32.0,2023,Paris 19e Arrondissement,France,FR,france_dvf,
48.889295,2.343788,50000.0,EUR,69.0,2023,Paris 18e Arrondissement,France,FR,france_dvf,
48.877201,2.352312,447500.0,EUR,37.0,2023,Paris 10e Arrondissement,France,FR,france_dvf,
48.848359,2.403598,290000.0,EUR,32.0,2023,Paris 20e Arrondissement,France,FR,france_dvf,
48.889357,2.35218,402500.0,EUR,46.0,2023,Paris 18e Arrondissement,France,FR,france_dvf,
48.884906,2.334212,665000.0,EUR,57.0,2023,Paris 18e Arrondissement,France,FR,france_dvf,
45.774799,4.821381,335000.0,EUR,70.0,2023,Lyon 4e Arrondissement,France,FR,france_dvf,
45.774799,4.821381,335000.0,EUR,65.0,2023,Lyon 4e Arrondissement,France,FR,france_dvf,
45.749705,4.727392,349000.0,EUR,0.0,2023,Craponne,France,FR,france_dvf,
45.670613,4.724042,296909.0,EUR,124.0,2023,Orliénas,France,FR,france_dvf,
45.743032,4.821643,200000.0,EUR,58.0,2023,Lyon 2e Arrondissement,France,FR,france_dvf,
45.747649,4.713363,511900.0,EUR,85.0,2023,Craponne,France,FR,france_dvf,
45.747649,4.713363,511900.0,EUR,85.0,2023,Craponne,France,FR,france_dvf,
45.745033,4.724741,157900.0,EUR,32.0,2023,Craponne,France,FR,france_dvf,
45.75915,4.795455,243500.0,EUR,60.0,2023,Lyon 5e Arrondissement,France,FR,france_dvf,
45.718107,4.758164,667000.0,EUR,135.0,2023,Chaponost,France,FR,france_dvf,
46.027732,4.645037,5000.0,EUR,0.0,2023,Blacé,France,FR,france_dvf,
45.760301,4.831452,598000.0,EUR,91.0,2023,Lyon 2e Arrondissement,France,FR,france_dvf,
45.775844,4.807629,230000.0,EUR,69.0,2023,Lyon 9e Arrondissement,France,FR,france_dvf,
45.993467,4.717269,180600.0,EUR,35.0,2023,Villefranche-sur-Saône,France,FR,france_dvf,
45.83664,4.714726,359000.0,EUR,68.0,2023,Dommartin,France,FR,france_dvf,
46.007542,4.714383,365000.0,EUR,0.0,2023,Gleizé,France,FR,france_dvf,
46.007725,4.713764,365000.0,EUR,0.0,2023,Gleizé,France,FR,france_dvf,
46.007958,4.714309,365000.0,EUR,0.0,2023,Gleizé,France,FR,france_dvf,
45.991981,4.70534,220000.0,EUR,74.0,2023,Villefranche-sur-Saône,France,FR,france_dvf,
45.653174,4.510445,623724.0,EUR,0.0,2023,Duerne,France,FR,france_dvf,
45.653348,4.509883,623724.0,EUR,200.0,2023,Duerne,France,FR,france_dvf,
45.653464,4.509873,623724.0,EUR,0.0,2023,Duerne,France,FR,france_dvf,
45.65335,4.510019,623724.0,EUR,0.0,2023,Duerne,France,FR,france_dvf,
46.185831,4.635266,9428.0,EUR,0.0,2023,Chiroubles,France,FR,france_dvf,
45.744794,4.820142,117877.53,EUR,22.0,2023,Lyon 2e Arrondissement,France,FR,france_dvf,
45.605958,4.783506,179000.0,EUR,63.0,2023,Grigny,France,FR,france_dvf,
45.577899,4.659666,400000.0,EUR,100.0,2023,Beauvallon,France,FR,france_dvf,
45.707959,4.588999,230000.0,EUR,52.0,2023,Yzeron,France,FR,france_dvf,
45.707959,4.588999,230000.0,EUR,47.0,2023,Yzeron,France,FR,france_dvf,
45.979254,4.71822,243915.0,EUR,78.0,2023,Villefranche-sur-Saône,France,FR,france_dvf,
45.987485,4.722613,156000.0,EUR,56.0,2023,Villefranche-sur-Saône,France,FR,france_dvf,
45.775097,4.838563,182340.0,EUR,45.0,2023,Lyon 4e Arrondissement,France,FR,france_dvf,
45.854727,4.683504,210000.0,EUR,54.0,2023,Lozanne,France,FR,france_dvf,
46.111566,4.733571,176900.0,EUR,57.0,2023,Belleville-en-Beaujolais,France,FR,france_dvf,
45.800079,4.87861,330000.0,EUR,65.0,2023,Rillieux-la-Pape,France,FR,france_dvf,
45.883126,4.852868,398200.0,EUR,88.0,2023,Neuville-sur-Saône,France,FR,france_dvf,
45.726409,4.813493,130000.0,EUR,38.0,2023,La Mulatière,France,FR,france_dvf,
45.865594,4.765204,571000.0,EUR,98.0,2023,Chasselay,France,FR,france_dvf,
45.786769,4.836782,244300.0,EUR,62.0,2023,Caluire-et-Cuire,France,FR,france_dvf,
45.739466,4.768147,7064.0,EUR,0.0,2023,Francheville,France,FR,france_dvf,
45.73943,4.767837,7064.0,EUR,0.0,2023,Francheville,France,FR,france_dvf,
45.771667,4.834148,179000.0,EUR,32.0,2023,Lyon 1er Arrondissement,France,FR,france_dvf,
45.796413,4.788396,206000.0,EUR,60.0,2023,Champagne-au-Mont-d'Or,France,FR,france_dvf,
45.742915,4.822923,255000.0,EUR,41.0,2023,Lyon 2e Arrondissement,France,FR,france_dvf,
45.998843,4.45996,65000.0,EUR,0.0,2023,Saint-Just-d'Avray,France,FR,france_dvf,
45.998156,4.460724,65000.0,EUR,0.0,2023,Saint-Just-d'Avray,France,FR,france_dvf,
46.120835,4.643677,5250.0,EUR,0.0,2023,Cercié,France,FR,france_dvf,
46.121867,4.642603,5250.0,EUR,0.0,2023,Cercié,France,FR,france_dvf,
45.894648,4.432617,55000.0,EUR,28.0,2023,Tarare,France,FR,france_dvf,
45.706418,4.807012,252250.0,EUR,89.0,2023,Oullins,France,FR,france_dvf,
46.206724,4.485182,32022.0,EUR,0.0,2023,Deux-Grosnes,France,FR,france_dvf,
46.215616,4.477601,32022.0,EUR,0.0,2023,Saint-Igny-de-Vers,France,FR,france_dvf,
45.504435,4.688989,233850.0,EUR,0.0,2023,Longes,France,FR,france_dvf,
45.504613,4.688896,233850.0,EUR,87.0,2023,Longes,France,FR,france_dvf,
45.504548,4.688911,233850.0,EUR,0.0,2023,Longes,France,FR,france_dvf,
45.706831,4.745283,310000.0,EUR,135.0,2023,Chaponost,France,FR,france_dvf,
45.706701,4.745313,310000.0,EUR,0.0,2023,Chaponost,France,FR,france_dvf,
45.706751,4.745349,310000.0,EUR,0.0,2023,Chaponost,France,FR,france_dvf,
45.72194,4.811988,117000.0,EUR,16.0,2023,La Mulatière,France,FR,france_dvf,
45.675298,4.75726,967650.0,EUR,148.0,2023,Brignais,France,FR,france_dvf,
45.675228,4.757208,967650.0,EUR,40.0,2023,Brignais,France,FR,france_dvf,
45.675215,4.757159,967650.0,EUR,0.0,2023,Brignais,France,FR,france_dvf,
45.777928,4.825742,344750.0,EUR,49.0,2023,Lyon 4e Arrondissement,France,FR,france_dvf,
45.789491,4.807267,385000.0,EUR,85.0,2023,Saint-Didier-au-Mont-d'Or,France,FR,france_dvf,
46.13857,4.668818,17895.0,EUR,0.0,2023,Régnié-Durette,France,FR,france_dvf,
46.138486,4.667733,17895.0,EUR,0.0,2023,Régnié-Durette,France,FR,france_dvf,
46.138435,4.669159,17895.0,EUR,0.0,2023,Régnié-Durette,France,FR,france_dvf,
46.138435,4.669159,17895.0,EUR,0.0,2023,Régnié-Durette,France,FR,france_dvf,
46.138037,4.656232,10279.0,EUR,0.0,2023,Régnié-Durette,France,FR,france_dvf,
46.138037,4.656232,10279.0,EUR,0.0,2023,Régnié-Durette,France,FR,france_dvf,
46.153403,4.476612,24000.0,EUR,0.0,2023,Poule-les-Écharmeaux,France,FR,france_dvf,
46.153403,4.476612,24000.0,EUR,0.0,2023,Poule-les-Écharmeaux,France,FR,france_dvf,
46.142968,4.474882,24000.0,EUR,0.0,2023,Poule-les-Écharmeaux,France,FR,france_dvf,
46.140503,4.472048,24000.0,EUR,0.0,2023,Poule-les-Écharmeaux,France,FR,france_dvf,
46.131749,4.428282,24000.0,EUR,0.0,2023,Poule-les-Écharmeaux,France,FR,france_dvf,
46.131749,4.428282,24000.0,EUR,0.0,2023,Poule-les-Écharmeaux,France,FR,france_dvf,
46.140348,4.468137,24000.0,EUR,0.0,2023,Poule-les-Écharmeaux,France,FR,france_dvf,
46.141985,4.468,24000.0,EUR,0.0,2023,Poule-les-Écharmeaux,France,FR,france_dvf,
45.659082,4.778202,240000.0,EUR,41.0,2023,Vourles,France,FR,france_dvf,
45.758442,4.813367,243000.0,EUR,53.0,2023,Lyon 5e Arrondissement,France,FR,france_dvf,
43.275858,5.428605,395000.0,EUR,120.0,2023,Marseille 10e Arrondissement,France,FR,france_dvf,
43.285921,5.367371,315630.0,EUR,70.0,2023,Marseille 7e Arrondissement,France,FR,france_dvf,
43.312507,5.383981,52000.0,EUR,33.0,2023,Marseille 3e Arrondissement,France,FR,france_dvf,
43.248661,5.37557,34250.0,EUR,89.0,2023,Marseille 8e Arrondissement,France,FR,france_dvf,
43.302894,5.449902,167000.0,EUR,50.0,2023,Marseille 12e Arrondissement,France,FR,france_dvf,
43.324257,5.37481,109000.0,EUR,52.0,2023,Marseille 14e Arrondissement,France,FR,france_dvf,
43.300156,5.389773,133150.0,EUR,37.0,2023,Marseille 4e Arrondissement,France,FR,france_dvf,
43.315926,5.40336,78000.0,EUR,49.0,2023,Marseille 13e Arrondissement,France,FR,france_dvf,
43.306732,5.384192,83000.0,EUR,55.0,2023,Marseille 3e Arrondissement,France,FR,france_dvf,
43.308501,5.380575,220000.0,EUR,62.0,2023,Marseille 3e Arrondissement,France,FR,france_dvf,
43.387768,5.368495,275000.0,EUR,80.0,2023,Marseille 15e Arrondissement,France,FR,france_dvf,
43.278475,5.382735,699470.0,EUR,119.0,2023,Marseille 8e Arrondissement,France,FR,france_dvf,
43.309063,5.448682,144000.0,EUR,37.0,2023,Marseille 12e Arrondissement,France,FR,france_dvf,
43.301315,5.396563,99000.0,EUR,25.0,2023,Marseille 4e Arrondissement,France,FR,france_dvf,
43.312316,5.401116,109000.0,EUR,41.0,2023,Marseille 4e Arrondissement,France,FR,france_dvf,
43.311649,5.387661,149000.0,EUR,52.0,2023,Marseille 3e Arrondissement,France,FR,france_dvf,
43.303484,5.367936,109137.0,EUR,42.0,2023,Marseille 2e Arrondissement,France,FR,france_dvf,
43.288153,5.394221,200000.0,EUR,33.0,2023,Marseille 5e Arrondissement,France,FR,france_dvf,
43.288153,5.394221,200000.0,EUR,75.0,2023,Marseille 5e Arrondissement,France,FR,france_dvf,
43.293064,5.408947,109000.0,EUR,32.0,2023,Marseille 5e Arrondissement,France,FR,france_dvf,
43.292999,5.379943,293000.0,EUR,119.0,2023,Marseille 1er Arrondissement,France,FR,france_dvf,
43.302854,5.369582,265000.0,EUR,82.0,2023,Marseille 2e Arrondissement,France,FR,france_dvf,
43.255727,5.416701,240600.0,EUR,86.0,2023,Marseille 9e Arrondissement,France,FR,france_dvf,
43.291646,5.38866,321700.0,EUR,83.0,2023,Marseille 6e Arrondissement,France,FR,france_dvf,
43.283708,5.441434,165000.0,EUR,90.0,2023,Marseille 10e Arrondissement,France,FR,france_dvf,
43.275288,5.385236,342600.0,EUR,54.0,2023,Marseille 8e Arrondissement,France,FR,france_dvf,
43.277114,5.384977,872850.0,EUR,110.0,2023,Marseille 8e Arrondissement,France,FR,france_dvf,
43.297873,5.373794,113000.0,EUR,25.0,2023,Marseille 1er Arrondissement,France,FR,france_dvf,
43.3283,5.477346,402000.0,EUR,91.0,2023,Allauch,France,FR,france_dvf,
43.2142,5.553676,1113100.0,EUR,120.0,2023,Cassis,France,FR,france_dvf,
43.313188,5.399546,82000.0,EUR,30.0,2023,Marseille 4e Arrondissement,France,FR,france_dvf,
43.351054,5.355229,155000.0,EUR,120.0,2023,Marseille 15e Arrondissement,France,FR,france_dvf,
43.28032,5.359524,700000.0,EUR,80.0,2023,Marseille 7e Arrondissement,France,FR,france_dvf,
43.28032,5.359524,700000.0,EUR,51.0,2023,Marseille 7e Arrondissement,France,FR,france_dvf,
43.288255,5.37817,85000.0,EUR,18.0,2023,Marseille 6e Arrondissement,France,FR,france_dvf,
43.343084,5.402156,120000.0,EUR,39.0,2023,Marseille 14e Arrondissement,France,FR,france_dvf,
43.285585,5.377231,259900.0,EUR,56.0,2023,Marseille 6e Arrondissement,France,FR,france_dvf,
43.244482,5.39828,320000.0,EUR,62.0,2023,Marseille 9e Arrondissement,France,FR,france_dvf,
43.286258,5.404937,154000.0,EUR,75.0,2023,Marseille 10e Arrondissement,France,FR,france_dvf,
43.248767,5.39593,133600.0,EUR,27.0,2023,Marseille 8e Arrondissement,France,FR,france_dvf,
43.272234,5.389573,183000.0,EUR,44.0,2023,Marseille 8e Arrondissement,France,FR,france_dvf,
43.287479,5.39451,145000.0,EUR,58.0,2023,Marseille 5e Arrondissement,France,FR,france_dvf,
43.319169,5.394666,52000.0,EUR,57.0,2023,Marseille 14e Arrondissement,France,FR,france_dvf,
43.318023,5.388585,92000.0,EUR,58.0,2023,Marseille 14e Arrondissement,France,FR,france_dvf,
43.296996,5.396317,237000.0,EUR,53.0,2023,Marseille 5e Arrondissement,France,FR,france_dvf,
43.300291,5.451401,119000.0,EUR,67.0,2023,Marseille 12e Arrondissement,France,FR,france_dvf,
43.179651,5.59391,322150.0,EUR,89.0,2023,La Ciotat,France,FR,france_dvf,
43.287812,5.382273,177050.0,EUR,33.0,2023,Marseille 6e Arrondissement,France,FR,france_dvf,
43.297647,5.383861,85000.0,EUR,25.0,2023,Marseille 1er Arrondissement,France,FR,france_dvf,
43.17787,5.605953,350000.0,EUR,64.0,2023,La Ciotat,France,FR,france_dvf,
43.286581,5.445518,379150.0,EUR,50.0,2023,Marseille 11e Arrondissement,France,FR,france_dvf,
43.299393,5.418653,454000.0,EUR,90.0,2023,Marseille 12e Arrondissement,France,FR,france_dvf,
43.283708,5.441434,181000.0,EUR,76.0,2023,Marseille 10e Arrondissement,France,FR,france_dvf,
43.290075,5.358164,222000.0,EUR,45.0,2023,Marseille 7e Arrondissement,France,FR,france_dvf,
43.277111,5.369594,780000.0,EUR,93.0,2023,Marseille 7e Arrondissement,France,FR,france_dvf,
43.24217,5.398901,229000.0,EUR,48.0,2023,Marseille 9e Arrondissement,France,FR,france_dvf,
43.297707,5.393803,190000.0,EUR,50.0,2023,Marseille 5e Arrondissement,France,FR,france_dvf,
43.346773,5.375127,40000.0,EUR,61.0,2023,Marseille 15e Arrondissement,France,FR,france_dvf,
43.24604,5.408636,309500.0,EUR,0.0,2023,Marseille 9e Arrondissement,France,FR,france_dvf,
43.24604,5.408636,309500.0,EUR,0.0,2023,Marseille 9e Arrondissement,France,FR,france_dvf,
43.346773,5.375127,63000.0,EUR,40.0,2023,Marseille 15e Arrondissement,France,FR,france_dvf,
43.346773,5.375127,63000.0,EUR,58.0,2023,Marseille 15e Arrondissement,France,FR,france_dvf,
43.288484,5.388304,111500.0,EUR,80.0,2023,Marseille 6e Arrondissement,France,FR,france_dvf,
43.354353,5.344065,277000.0,EUR,85.0,2023,Marseille 16e Arrondissement,France,FR,france_dvf,
43.306365,5.384525,143000.0,EUR,66.0,2023,Marseille 3e Arrondissement,France,FR,france_dvf,
43.265069,5.391456,155000.0,EUR,32.0,2023,Marseille 8e Arrondissement,France,FR,france_dvf,
43.231725,5.401371,178471.0,EUR,0.0,2023,Marseille 9e Arrondissement,France,FR,france_dvf,
43.231725,5.401371,178471.0,EUR,0.0,2023,Marseille 9e Arrondissement,France,FR,france_dvf,
43.26836,5.372972,1830000.0,EUR,116.0,2023,Marseille 8e Arrondissement,France,FR,france_dvf,
43.314802,5.38178,104500.0,EUR,48.0,2023,Marseille 3e Arrondissement,France,FR,france_dvf,
43.26951,5.379399,600000.0,EUR,92.0,2023,Marseille 8e Arrondissement,France,FR,france_dvf,
43.280507,5.375975,1075850.0,EUR,107.0,2023,Marseille 6e Arrondissement,France,FR,france_dvf,
43.280507,5.375975,1075850.0,EUR,52.0,2023,Marseille 6e Arrondissement,France,FR,france_dvf,
43.296416,5.39506,186800.0,EUR,51.0,2023,Marseille 5e Arrondissement,France,FR,france_dvf,
43.258021,5.415892,73600.0,EUR,20.0,2023,Marseille 9e Arrondissement,France,FR,france_dvf,
43.297942,5.38586,450000.0,EUR,115.0,2023,Marseille 1er Arrondissement,France,FR,france_dvf,
43.306669,5.371696,120000.0,EUR,62.0,2023,Marseille 2e Arrondissement,France,FR,france_dvf,
43.311709,5.394944,50000.0,EUR,40.0,2023,Marseille 4e Arrondissement,France,FR,france_dvf,
43.401878,5.61269,508550.0,EUR,105.0,2023,La Bouilladisse,France,FR,france_dvf,
43.329215,5.439103,130000.0,EUR,72.0,2023,Marseille 13e Arrondissement,France,FR,france_dvf,
43.578039,1.325453,350190.0,EUR,105.0,2023,Tournefeuille,France,FR,france_dvf,
43.599944,1.228622,102000.0,EUR,50.0,2023,Léguevin,France,FR,france_dvf,
43.558394,1.309453,170000.0,EUR,0.0,2023,Plaisance-du-Touch,France,FR,france_dvf,
43.558226,1.309572,275000.0,EUR,65.0,2023,Plaisance-du-Touch,France,FR,france_dvf,
43.558394,1.309453,275000.0,EUR,0.0,2023,Plaisance-du-Touch,France,FR,france_dvf,
43.602509,1.326778,135315.0,EUR,41.0,2023,Colomiers,France,FR,france_dvf,
43.612153,1.467894,329000.0,EUR,85.0,2023,Toulouse,France,FR,france_dvf,
43.674731,1.431077,120000.0,EUR,0.0,2023,Aucamville,France,FR,france_dvf,
43.674782,1.431249,120000.0,EUR,0.0,2023,Aucamville,France,FR,france_dvf,
43.674937,1.431744,120000.0,EUR,0.0,2023,Aucamville,France,FR,france_dvf,
43.675062,1.432155,120000.0,EUR,0.0,2023,Aucamville,France,FR,france_dvf,
43.675148,1.432292,120000.0,EUR,0.0,2023,Aucamville,France,FR,france_dvf,
43.674632,1.430769,120000.0,EUR,0.0,2023,Aucamville,France,FR,france_dvf,
43.674643,1.430711,120000.0,EUR,0.0,2023,Aucamville,France,FR,france_dvf,
43.674652,1.430737,120000.0,EUR,0.0,2023,Aucamville,France,FR,france_dvf,
43.67466,1.430763,120000.0,EUR,0.0,2023,Aucamville,France,FR,france_dvf,
43.674669,1.430789,120000.0,EUR,0.0,2023,Aucamville,France,FR,france_dvf,
43.782009,1.415245,250400.0,EUR,94.0,2023,Bouloc,France,FR,france_dvf,
43.613918,1.481165,166000.0,EUR,25.0,2023,Toulouse,France,FR,france_dvf,
43.613918,1.481165,166000.0,EUR,23.0,2023,Toulouse,France,FR,france_dvf,
43.778754,1.515428,285600.0,EUR,0.0,2023,Montjoire,France,FR,france_dvf,
43.777713,1.514764,285600.0,EUR,0.0,2023,Montjoire,France,FR,france_dvf,
43.777723,1.51509,285600.0,EUR,70.0,2023,Montjoire,France,FR,france_dvf,
43.778001,1.516378,285600.0,EUR,0.0,2023,Montjoire,France,FR,france_dvf,
43.777191,1.514325,285600.0,EUR,0.0,2023,Montjoire,France,FR,france_dvf,
43.799534,1.601337,140000.0,EUR,71.0,2023,Bessières,France,FR,france_dvf,
43.645192,1.461486,153000.0,EUR,57.0,2023,Toulouse,France,FR,france_dvf,
43.630939,1.437896,140000.0,EUR,57.0,2023,Toulouse,France,FR,france_dvf,
43.537083,1.534834,177500.0,EUR,56.0,2023,Labège,France,FR,france_dvf,
43.56911,1.505899,208240.0,EUR,64.0,2023,Toulouse,France,FR,france_dvf,
43.542887,1.480137,124500.0,EUR,44.0,2023,Ramonville-Saint-Agne,France,FR,france_dvf,
43.601584,1.442575,485700.0,EUR,121.0,2023,Toulouse,France,FR,france_dvf,
43.596113,1.457273,79020.0,EUR,18.0,2023,Toulouse,France,FR,france_dvf,
43.628351,1.43721,148985.0,EUR,46.0,2023,Toulouse,France,FR,france_dvf,
43.631611,1.436349,247900.0,EUR,0.0,2023,Toulouse,France,FR,france_dvf,
43.631611,1.436349,247900.0,EUR,0.0,2023,Toulouse,France,FR,france_dvf,
43.612228,1.446399,117000.0,EUR,15.0,2023,Toulouse,France,FR,france_dvf,
43.703986,1.470362,95000.0,EUR,0.0,2023,Pechbonnieu,France,FR,france_dvf,
43.574443,1.458198,157000.0,EUR,46.0,2023,Toulouse,France,FR,france_dvf,
43.607976,1.459876,220000.0,EUR,46.0,2023,Toulouse,France,FR,france_dvf,
43.604754,1.47046,156000.0,EUR,57.0,2023,Toulouse,France,FR,france_dvf,
43.585168,1.344658,119900.0,EUR,45.0,2023,Tournefeuille,France,FR,france_dvf,
43.624016,1.455484,356000.0,EUR,89.0,2023,Toulouse,France,FR,france_dvf,
43.606499,1.442233,162500.0,EUR,30.0,2023,Toulouse,France,FR,france_dvf,
43.560497,1.661169,358000.0,EUR,139.0,2023,Lanta,France,FR,france_dvf,
43.560497,1.661169,358000.0,EUR,139.0,2023,Lanta,France,FR,france_dvf,
43.572404,1.423144,180000.0,EUR,93.0,2023,Toulouse,France,FR,france_dvf,
43.612881,1.492413,362000.0,EUR,90.0,2023,Balma,France,FR,france_dvf,
43.640136,1.463247,196800.0,EUR,65.0,2023,Toulouse,France,FR,france_dvf,
43.39366,1.507675,131000.0,EUR,0.0,2023,Auragne,France,FR,france_dvf,
43.393544,1.507614,131000.0,EUR,0.0,2023,Auragne,France,FR,france_dvf,
43.393422,1.507574,131000.0,EUR,0.0,2023,Auragne,France,FR,france_dvf,
43.633469,1.437077,215000.0,EUR,85.0,2023,Toulouse,France,FR,france_dvf,
43.804068,1.569268,33364.0,EUR,0.0,2023,Bessières,France,FR,france_dvf,
43.657587,1.190355,471600.0,EUR,165.0,2023,Lévignac,France,FR,france_dvf,
43.672773,1.453837,115000.0,EUR,48.0,2023,Launaguet,France,FR,france_dvf,
43.615703,1.449491,83200.0,EUR,22.0,2023,Toulouse,France,FR,france_dvf,
43.583702,1.445477,145000.0,EUR,62.0,2023,Toulouse,France,FR,france_dvf,
43.562551,1.500811,132500.0,EUR,41.0,2023,Toulouse,France,FR,france_dvf,
43.78752,1.413004,79000.0,EUR,0.0,2023,Bouloc,France,FR,france_dvf,
43.582688,1.393935,340000.0,EUR,0.0,2023,Toulouse,France,FR,france_dvf,
43.582812,1.393894,340000.0,EUR,93.0,2023,Toulouse,France,FR,france_dvf,
43.593069,1.433576,125500.0,EUR,28.0,2023,Toulouse,France,FR,france_dvf,
43.602732,1.468646,200000.0,EUR,74.0,2023,Toulouse,France,FR,france_dvf,
43.63511,1.443529,100000.0,EUR,44.0,2023,Toulouse,France,FR,france_dvf,
43.577303,1.449424,273500.0,EUR,65.0,2023,Toulouse,France,FR,france_dvf,
43.644807,1.5457,500000.0,EUR,90.0,2023,Montrabé,France,FR,france_dvf,
43.644807,1.5457,500000.0,EUR,90.0,2023,Montrabé,France,FR,france_dvf,
43.644807,1.5457,500000.0,EUR,90.0,2023,Montrabé,France,FR,france_dvf,
43.569067,1.309876,130000.0,EUR,89.0,2023,Plaisance-du-Touch,France,FR,france_dvf,
43.562477,1.518654,314900.0,EUR,0.0,2023,Saint-Orens-de-Gameville,France,FR,france_dvf,
43.562477,1.518654,314900.0,EUR,0.0,2023,Saint-Orens-de-Gameville,France,FR,france_dvf,
43.834378,1.486324,40000.0,EUR,0.0,2023,Villematier,France,FR,france_dvf,
43.595699,1.441025,356500.0,EUR,67.0,2023,Toulouse,France,FR,france_dvf,
43.569573,1.332659,341150.0,EUR,114.0,2023,Tournefeuille,France,FR,france_dvf,
43.454911,1.572334,414770.0,EUR,166.0,2023,Montgiscard,France,FR,france_dvf,
43.799534,1.601337,80000.0,EUR,44.0,2023,Bessières,France,FR,france_dvf,
43.560891,1.373792,76400.0,EUR,10.0,2023,Toulouse,France,FR,france_dvf,
43.594812,1.489298,108900.0,EUR,43.0,2023,Toulouse,France,FR,france_dvf,
43.609965,1.504448,501000.0,EUR,0.0,2023,Balma,France,FR,france_dvf,
,,49380000.0,NOK,,2020,National,Norway,NO,no_ssb,All dwellings
,,50876000.0,NOK,,2020,National,Norway,NO,no_ssb,All dwellings
,,52834000.0,NOK,,2020,National,Norway,NO,no_ssb,All dwellings
,,52337000.0,NOK,,2020,National,Norway,NO,no_ssb,All dwellings
,,55981000.0,NOK,,2021,National,Norway,NO,no_ssb,All dwellings
,,56478000.0,NOK,,2021,National,Norway,NO,no_ssb,All dwellings
,,56849000.0,NOK,,2021,National,Norway,NO,no_ssb,All dwellings
,,54558000.0,NOK,,2021,National,Norway,NO,no_ssb,All dwellings
,,59658000.0,NOK,,2022,National,Norway,NO,no_ssb,All dwellings
,,60166000.0,NOK,,2022,National,Norway,NO,no_ssb,All dwellings
,,60220000.0,NOK,,2022,National,Norway,NO,no_ssb,All dwellings
,,56159000.0,NOK,,2022,National,Norway,NO,no_ssb,All dwellings
,,58785000.0,NOK,,2023,National,Norway,NO,no_ssb,All dwellings
,,61253000.0,NOK,,2023,National,Norway,NO,no_ssb,All dwellings
,,60575000.0,NOK,,2023,National,Norway,NO,no_ssb,All dwellings
,,58251000.0,NOK,,2023,National,Norway,NO,no_ssb,All dwellings
,,59948000.0,NOK,,2024,National,Norway,NO,no_ssb,All dwellings
,,63706000.0,NOK,,2024,National,Norway,NO,no_ssb,All dwellings
,,63796000.0,NOK,,2024,National,Norway,NO,no_ssb,All dwellings
,,61365000.0,NOK,,2024,National,Norway,NO,no_ssb,All dwellings
,,93750.0,EUR,,1995,NL01  ,Netherlands,NL,nl_cbs,
,,102607.0,EUR,,1996,NL01  ,Netherlands,NL,nl_cbs,
,,113163.0,EUR,,1997,NL01  ,Netherlands,NL,nl_cbs,
,,124540.0,EUR,,1998,NL01  ,Netherlands,NL,nl_cbs,
,,144778.0,EUR,,1999,NL01  ,Netherlands,NL,nl_cbs,
,,172050.0,EUR,,2000,NL01  ,Netherlands,NL,nl_cbs,
,,188397.0,EUR,,2001,NL01  ,Netherlands,NL,nl_cbs,
,,199752.0,EUR,,2002,NL01  ,Netherlands,NL,nl_cbs,
,,204829.0,EUR,,2003,NL01  ,Netherlands,NL,nl_cbs,
,,212723.0,EUR,,2004,NL01  ,Netherlands,NL,nl_cbs,
,,222706.0,EUR,,2005,NL01  ,Netherlands,NL,nl_cbs,
,,235843.0,EUR,,2006,NL01  ,Netherlands,NL,nl_cbs,
,,248325.0,EUR,,2007,NL01  ,Netherlands,NL,nl_cbs,
,,254918.0,EUR,,2008,NL01  ,Netherlands,NL,nl_cbs,
,,238259.0,EUR,,2009,NL01  ,Netherlands,NL,nl_cbs,
,,239530.0,EUR,,2010,NL01  ,Netherlands,NL,nl_cbs,
,,240059.0,EUR,,2011,NL01  ,Netherlands,NL,nl_cbs,
,,226661.0,EUR,,2012,NL01  ,Netherlands,NL,nl_cbs,
,,213353.0,EUR,,2013,NL01  ,Netherlands,NL,nl_cbs,
,,222218.0,EUR,,2014,NL01  ,Netherlands,NL,nl_cbs,
,,230194.0,EUR,,2015,NL01  ,Netherlands,NL,nl_cbs,
,,243837.0,EUR,,2016,NL01  ,Netherlands,NL,nl_cbs,
,,263295.0,EUR,,2017,NL01  ,Netherlands,NL,nl_cbs,
,,287267.0,EUR,,2018,NL01  ,Netherlands,NL,nl_cbs,
,,307978.0,EUR,,2019,NL01  ,Netherlands,NL,nl_cbs,
,,334488.0,EUR,,2020,NL01  ,Netherlands,NL,nl_cbs,
,,386714.0,EUR,,2021,NL01  ,Netherlands,NL,nl_cbs,
,,428591.0,EUR,,2022,NL01  ,Netherlands,NL,nl_cbs,
,,416153.0,EUR,,2023,NL01  ,Netherlands,NL,nl_cbs,
,,450985.0,EUR,,2024,NL01  ,Netherlands,NL,nl_cbs,
,,479527.0,EUR,,2025,NL01  ,Netherlands,NL,nl_cbs,
,,72907.0,EUR,,1995,LD01  ,Netherlands,NL,nl_cbs,
,,78744.0,EUR,,1996,LD01  ,Netherlands,NL,nl_cbs,
,,85644.0,EUR,,1997,LD01  ,Netherlands,NL,nl_cbs,
,,94150.0,EUR,,1998,LD01  ,Netherlands,NL,nl_cbs,
,,108234.0,EUR,,1999,LD01  ,Netherlands,NL,nl_cbs,
,,128028.0,EUR,,2000,LD01  ,Netherlands,NL,nl_cbs,
,,143439.0,EUR,,2001,LD01  ,Netherlands,NL,nl_cbs,
,,155884.0,EUR,,2002,LD01  ,Netherlands,NL,nl_cbs,
,,161238.0,EUR,,2003,LD01  ,Netherlands,NL,nl_cbs,
,,169464.0,EUR,,2004,LD01  ,Netherlands,NL,nl_cbs,
,,179297.0,EUR,,2005,LD01  ,Netherlands,NL,nl_cbs,
,,190778.0,EUR,,2006,LD01  ,Netherlands,NL,nl_cbs,
,,198867.0,EUR,,2007,LD01  ,Netherlands,NL,nl_cbs,
,,201895.0,EUR,,2008,LD01  ,Netherlands,NL,nl_cbs,
,,190861.0,EUR,,2009,LD01  ,Netherlands,NL,nl_cbs,
,,192257.0,EUR,,2010,LD01  ,Netherlands,NL,nl_cbs,
,,191274.0,EUR,,2011,LD01  ,Netherlands,NL,nl_cbs,
,,182010.0,EUR,,2012,LD01  ,Netherlands,NL,nl_cbs,
,,171395.0,EUR,,2013,LD01  ,Netherlands,NL,nl_cbs,
,,174682.0,EUR,,2014,LD01  ,Netherlands,NL,nl_cbs,
,,181842.0,EUR,,2015,LD01  ,Netherlands,NL,nl_cbs,
,,190935.0,EUR,,2016,LD01  ,Netherlands,NL,nl_cbs,
,,203310.0,EUR,,2017,LD01  ,Netherlands,NL,nl_cbs,
,,216465.0,EUR,,2018,LD01  ,Netherlands,NL,nl_cbs,
,,230412.0,EUR,,2019,LD01  ,Netherlands,NL,nl_cbs,
,,253843.0,EUR,,2020,LD01  ,Netherlands,NL,nl_cbs,
,,296338.0,EUR,,2021,LD01  ,Netherlands,NL,nl_cbs,
,,332306.0,EUR,,2022,LD01  ,Netherlands,NL,nl_cbs,
,,328645.0,EUR,,2023,LD01  ,Netherlands,NL,nl_cbs,
,,356207.0,EUR,,2024,LD01  ,Netherlands,NL,nl_cbs,
,,385019.0,EUR,,2025,LD01  ,Netherlands,NL,nl_cbs,
,,94927.0,EUR,,1995,LD02  ,Netherlands,NL,nl_cbs,
,,103429.0,EUR,,1996,LD02  ,Netherlands,NL,nl_cbs,
,,113675.0,EUR,,1997,LD02  ,Netherlands,NL,nl_cbs,
,,124735.0,EUR,,1998,LD02  ,Netherlands,NL,nl_cbs,
,,145248.0,EUR,,1999,LD02  ,Netherlands,NL,nl_cbs,
,,173955.0,EUR,,2000,LD02  ,Netherlands,NL,nl_cbs,
,,189176.0,EUR,,2001,LD02  ,Netherlands,NL,nl_cbs,
,,199201.0,EUR,,2002,LD02  ,Netherlands,NL,nl_cbs,
,,205324.0,EUR,,2003,LD02  ,Netherlands,NL,nl_cbs,
,,213368.0,EUR,,2004,LD02  ,Netherlands,NL,nl_cbs,
,,219537.0,EUR,,2005,LD02  ,Netherlands,NL,nl_cbs,
,,230546.0,EUR,,2006,LD02  ,Netherlands,NL,nl_cbs,
,,240869.0,EUR,,2007,LD02  ,Netherlands,NL,nl_cbs,
,,244668.0,EUR,,2008,LD02  ,Netherlands,NL,nl_cbs,
,,231152.0,EUR,,2009,LD02  ,Netherlands,NL,nl_cbs,
,,230439.0,EUR,,2010,LD02  ,Netherlands,NL,nl_cbs,
,,227931.0,EUR,,2011,LD02  ,Netherlands,NL,nl_cbs,
,,218053.0,EUR,,2012,LD02  ,Netherlands,NL,nl_cbs,
,,203120.0,EUR,,2013,LD02  ,Netherlands,NL,nl_cbs,
,,210182.0,EUR,,2014,LD02  ,Netherlands,NL,nl_cbs,
,,214439.0,EUR,,2015,LD02  ,Netherlands,NL,nl_cbs,
,,225260.0,EUR,,2016,LD02  ,Netherlands,NL,nl_cbs,
,,243068.0,EUR,,2017,LD02  ,Netherlands,NL,nl_cbs,
,,263244.0,EUR,,2018,LD02  ,Netherlands,NL,nl_cbs,
,,281575.0,EUR,,2019,LD02  ,Netherlands,NL,nl_cbs,
,,308009.0,EUR,,2020,LD02  ,Netherlands,NL,nl_cbs,
,,358936.0,EUR,,2021,LD02  ,Netherlands,NL,nl_cbs,
,,402744.0,EUR,,2022,LD02  ,Netherlands,NL,nl_cbs,
,,396409.0,EUR,,2023,LD02  ,Netherlands,NL,nl_cbs,
,,426882.0,EUR,,2024,LD02  ,Netherlands,NL,nl_cbs,
,,458409.0,EUR,,2025,LD02  ,Netherlands,NL,nl_cbs,
,,96079.0,EUR,,1995,LD03  ,Netherlands,NL,nl_cbs,
,,105359.0,EUR,,1996,LD03  ,Netherlands,NL,nl_cbs,
,,116500.0,EUR,,1997,LD03  ,Netherlands,NL,nl_cbs,
,,128373.0,EUR,,1998,LD03  ,Netherlands,NL,nl_cbs,
,,150549.0,EUR,,1999,LD03  ,Netherlands,NL,nl_cbs,
,,179105.0,EUR,,2000,LD03  ,Netherlands,NL,nl_cbs,
,,195339.0,EUR,,2001,LD03  ,Netherlands,NL,nl_cbs,
,,183.389,EUR_index,,2025,National Total. General. Index. ,Spain,ES,es_ine,
,,178.184,EUR_index,,2025,National Total. General. Index. ,Spain,ES,es_ine,
,,171.296,EUR_index,,2025,National Total. General. Index. ,Spain,ES,es_ine,
,,165.433,EUR_index,,2024,National Total. General. Index. ,Spain,ES,es_ine,
,,162.521,EUR_index,,2024,National Total. General. Index. ,Spain,ES,es_ine,
,,2.9,EUR_index,,2025,National Total. General. Quarterly variation rate. ,Spain,ES,es_ine,
,,4.0,EUR_index,,2025,National Total. General. Quarterly variation rate. ,Spain,ES,es_ine,
,,3.5,EUR_index,,2025,National Total. General. Quarterly variation rate. ,Spain,ES,es_ine,
,,1.8,EUR_index,,2024,National Total. General. Quarterly variation rate. ,Spain,ES,es_ine,
,,2.8,EUR_index,,2024,National Total. General. Quarterly variation rate. ,Spain,ES,es_ine,
,,12.8,EUR_index,,2025,National Total. General. Annual variation (for monthly series). ,Spain,ES,es_ine,
,,12.7,EUR_index,,2025,National Total. General. Annual variation (for monthly series). ,Spain,ES,es_ine,
,,12.2,EUR_index,,2025,National Total. General. Annual variation (for monthly series). ,Spain,ES,es_ine,
,,11.3,EUR_index,,2024,National Total. General. Annual variation (for monthly series). ,Spain,ES,es_ine,
,,8.1,EUR_index,,2024,National Total. General. Annual variation (for monthly series). ,Spain,ES,es_ine,
,,10.9,EUR_index,,2025,National Total. General. Year-to-date variation rate. ,Spain,ES,es_ine,
,,7.7,EUR_index,,2025,National Total. General. Year-to-date variation rate. ,Spain,ES,es_ine,
,,3.5,EUR_index,,2025,National Total. General. Year-to-date variation rate. ,Spain,ES,es_ine,
,,11.3,EUR_index,,2024,National Total. General. Year-to-date variation rate. ,Spain,ES,es_ine,
,,9.3,EUR_index,,2024,National Total. General. Year-to-date variation rate. ,Spain,ES,es_ine,
,,207.214,EUR_index,,2025,National Total. New dwelling. Index. ,Spain,ES,es_ine,
,,206.055,EUR_index,,2025,National Total. New dwelling. Index. ,Spain,ES,es_ine,
,,200.792,EUR_index,,2025,National Total. New dwelling. Index. ,Spain,ES,es_ine,
,,190.368,EUR_index,,2024,National Total. New dwelling. Index. ,Spain,ES,es_ine,
,,188.899,EUR_index,,2024,National Total. New dwelling. Index. ,Spain,ES,es_ine,
,,0.6,EUR_index,,2025,National Total. New dwelling. Quarterly variation rate. ,Spain,ES,es_ine,
,,2.6,EUR_index,,2025,National Total. New dwelling. Quarterly variation rate. ,Spain,ES,es_ine,
,,5.5,EUR_index,,2025,National Total. New dwelling. Quarterly variation rate. ,Spain,ES,es_ine,
,,0.8,EUR_index,,2024,National Total. New dwelling. Quarterly variation rate. ,Spain,ES,es_ine,
,,2.8,EUR_index,,2024,National Total. New dwelling. Quarterly variation rate. ,Spain,ES,es_ine,
,,9.7,EUR_index,,2025,National Total. New dwelling. Annual variation (for monthly series). ,Spain,ES,es_ine,
,,12.1,EUR_index,,2025,National Total. New dwelling. Annual variation (for monthly series). ,Spain,ES,es_ine,
,,12.2,EUR_index,,2025,National Total. New dwelling. Annual variation (for monthly series). ,Spain,ES,es_ine,
,,12.3,EUR_index,,2024,National Total. New dwelling. Annual variation (for monthly series). ,Spain,ES,es_ine,
,,9.8,EUR_index,,2024,National Total. New dwelling. Annual variation (for monthly series). ,Spain,ES,es_ine,
,,8.8,EUR_index,,2025,National Total. New dwelling. Year-to-date variation rate. ,Spain,ES,es_ine,
,,8.2,EUR_index,,2025,National Total. New dwelling. Year-to-date variation rate. ,Spain,ES,es_ine,
,,5.5,EUR_index,,2025,National Total. New dwelling. Year-to-date variation rate. ,Spain,ES,es_ine,
,,12.3,EUR_index,,2024,National Total. New dwelling. Year-to-date variation rate. ,Spain,ES,es_ine,
,,11.4,EUR_index,,2024,National Total. New dwelling. Year-to-date variation rate. ,Spain,ES,es_ine,
,,179.657,EUR_index,,2025,National Total. Second-hand dwelling. Index. ,Spain,ES,es_ine,
,,173.924,EUR_index,,2025,National Total. Second-hand dwelling. Index. ,Spain,ES,es_ine,
,,166.839,EUR_index,,2025,National Total. Second-hand dwelling. Index. ,Spain,ES,es_ine,
,,161.605,EUR_index,,2024,National Total. Second-hand dwelling. Index. ,Spain,ES,es_ine,
,,158.49,EUR_index,,2024,National Total. Second-hand dwelling. Index. ,Spain,ES,es_ine,
,,3.3,EUR_index,,2025,National Total. Second-hand dwelling. Quarterly variation rate. ,Spain,ES,es_ine,
,,4.2,EUR_index,,2025,National Total. Second-hand dwelling. Quarterly variation rate. ,Spain,ES,es_ine,
,,3.2,EUR_index,,2025,National Total. Second-hand dwelling. Quarterly variation rate. ,Spain,ES,es_ine,
,,2.0,EUR_index,,2024,National Total. Second-hand dwelling. Quarterly variation rate. ,Spain,ES,es_ine,
,,2.8,EUR_index,,2024,National Total. Second-hand dwelling. Quarterly variation rate. ,Spain,ES,es_ine,
,,13.4,EUR_index,,2025,National Total. Second-hand dwelling. Annual variation (for monthly series). ,Spain,ES,es_ine,
,,12.8,EUR_index,,2025,National Total. Second-hand dwelling. Annual variation (for monthly series). ,Spain,ES,es_ine,
,,12.3,EUR_index,,2025,National Total. Second-hand dwelling. Annual variation (for monthly series). ,Spain,ES,es_ine,
,,11.1,EUR_index,,2024,National Total. Second-hand dwelling. Annual variation (for monthly series). ,Spain,ES,es_ine,
,,7.9,EUR_index,,2024,National Total. Second-hand dwelling. Annual variation (for monthly series). ,Spain,ES,es_ine,
,,11.2,EUR_index,,2025,National Total. Second-hand dwelling. Year-to-date variation rate. ,Spain,ES,es_ine,
,,7.6,EUR_index,,2025,National Total. Second-hand dwelling. Year-to-date variation rate. ,Spain,ES,es_ine,
,,3.2,EUR_index,,2025,National Total. Second-hand dwelling. Year-to-date variation rate. ,Spain,ES,es_ine,
,,11.1,EUR_index,,2024,National Total. Second-hand dwelling. Year-to-date variation rate. ,Spain,ES,es_ine,
,,9.0,EUR_index,,2024,National Total. Second-hand dwelling. Year-to-date variation rate. ,Spain,ES,es_ine,
,,182.372,EUR_index,,2025,Andalucía. General. Index. ,Spain,ES,es_ine,
,,177.504,EUR_index,,2025,Andalucía. General. Index. ,Spain,ES,es_ine,
,,170.858,EUR_index,,2025,Andalucía. General. Index. ,Spain,ES,es_ine,
,,165.457,EUR_index,,2024,Andalucía. General. Index. ,Spain,ES,es_ine,
,,162.275,EUR_index,,2024,Andalucía. General. Index. ,Spain,ES,es_ine,
,,2.7,EUR_index,,2025,Andalucía. General. Quarterly variation rate. ,Spain,ES,es_ine,
,,3.9,EUR_index,,2025,Andalucía. General. Quarterly variation rate. ,Spain,ES,es_ine,
,,3.3,EUR_index,,2025,Andalucía. General. Quarterly variation rate. ,Spain,ES,es_ine,
,,2.0,EUR_index,,2024,Andalucía. General. Quarterly variation rate. ,Spain,ES,es_ine,
,,3.8,EUR_index,,2024,Andalucía. General. Quarterly variation rate. ,Spain,ES,es_ine,
,,12.4,EUR_index,,2025,Andalucía. General. Annual variation (for monthly series). ,Spain,ES,es_ine,
,,13.6,EUR_index,,2025,Andalucía. General. Annual variation (for monthly series). ,Spain,ES,es_ine,
,,14.0,EUR_index,,2025,Andalucía. General. Annual variation (for monthly series). ,Spain,ES,es_ine,
,,13.4,EUR_index,,2024,Andalucía. General. Annual variation (for monthly series). ,Spain,ES,es_ine,
,,10.6,EUR_index,,2024,Andalucía. General. Annual variation (for monthly series). ,Spain,ES,es_ine,
,,10.2,EUR_index,,2025,Andalucía. General. Year-to-date variation rate. ,Spain,ES,es_ine,
,,7.3,EUR_index,,2025,Andalucía. General. Year-to-date variation rate. ,Spain,ES,es_ine,
,,3.3,EUR_index,,2025,Andalucía. General. Year-to-date variation rate. ,Spain,ES,es_ine,
,,13.4,EUR_index,,2024,Andalucía. General. Year-to-date variation rate. ,Spain,ES,es_ine,
,,11.2,EUR_index,,2024,Andalucía. General. Year-to-date variation rate. ,Spain,ES,es_ine,
,,221.148,EUR_index,,2025,Andalucía. New dwelling. Index. ,Spain,ES,es_ine,
,,218.247,EUR_index,,2025,Andalucía. New dwelling. Index. ,Spain,ES,es_ine,
,,212.796,EUR_index,,2025,Andalucía. New dwelling. Index. ,Spain,ES,es_ine,
,,203.521,EUR_index,,2024,Andalucía. New dwelling. Index. ,Spain,ES,es_ine,
,,201.651,EUR_index,,2024,Andalucía. New dwelling. Index. ,Spain,ES,es_ine,
,,1.3,EUR_index,,2025,Andalucía. New dwelling. Quarterly variation rate. ,Spain,ES,es_ine,
,,2.6,EUR_index,,2025,Andalucía. New dwelling. Quarterly variation rate. ,Spain,ES,es_ine,
,,4.6,EUR_index,,2025,Andalucía. New dwelling. Quarterly variation rate. ,Spain,ES,es_ine,
,,0.9,EUR_index,,2024,Andalucía. New dwelling. Quarterly variation rate. ,Spain,ES,es_ine,
,,7.0,EUR_index,,2024,Andalucía. New dwelling. Quarterly variation rate. ,Spain,ES,es_ine,
,,9.7,EUR_index,,2025,Andalucía. New dwelling. Annual variation (for monthly series). ,Spain,ES,es_ine,
,,15.8,EUR_index,,2025,Andalucía. New dwelling. Annual variation (for monthly series). ,Spain,ES,es_ine,
,,15.3,EUR_index,,2025,Andalucía. New dwelling. Annual variation (for monthly series). ,Spain,ES,es_ine,
,,17.5,EUR_index,,2024,Andalucía. New dwelling. Annual variation (for monthly series). ,Spain,ES,es_ine,
,,13.8,EUR_index,,2024,Andalucía. New dwelling. Annual variation (for monthly series). ,Spain,ES,es_ine,
,,8.7,EUR_index,,2025,Andalucía. New dwelling. Year-to-date variation rate. ,Spain,ES,es_ine,
,,7.2,EUR_index,,2025,Andalucía. New dwelling. Year-to-date variation rate. ,Spain,ES,es_ine,
,,4.6,EUR_index,,2025,Andalucía. New dwelling. Year-to-date variation rate. ,Spain,ES,es_ine,
,,17.5,EUR_index,,2024,Andalucía. New dwelling. Year-to-date variation rate. ,Spain,ES,es_ine,
,,16.4,EUR_index,,2024,Andalucía. New dwelling. Year-to-date variation rate. ,Spain,ES,es_ine,
